[
    {
        "model": "apirestappserver.User",
        "pk": 1,
        "fields": {
            "password": "pbkdf2_sha256$390000$hCVtgkD1T8rIXSI975kaFq$zdj/FO35IVST6OpqGyoW2osQhBYePrBIKVwW08aluYg=",
            "username": "sscanderet1",
            "email": "sscanderet1@slideshare.net",
            "first_name": "Sara",
            "last_name": "Scanderet",
            "gender": "F",
            "is_active": true,
            "is_staff": false,
            "is_superuser": false,
            "birth_date": "1987-01-12",
            "adress": "42417 Summer Ridge Park",
            "city": "Thị Trấn Na Sầm",
            "country": "Vietnam"
        }
    },
    {
        "model": "apirestappserver.User",
        "pk": 2,
        "fields": {
            "password": "pbkdf2_sha256$390000$hCVtgkD1T8rIXSI975kaFq$zdj/FO35IVST6OpqGyoW2osQhBYePrBIKVwW08aluYg=",
            "username": "gwillcot2",
            "email": "gwillcot2@dagondesign.com",
            "first_name": "Gwyn",
            "last_name": "Willcot",
            "gender": "F",
            "is_active": true,
            "is_staff": false,
            "is_superuser": false,
            "birth_date": "1995-12-26",
            "adress": "6 Ruskin Circle",
            "city": "Bangxi",
            "country": "China"
        }
    },
    {
        "model": "apirestappserver.User",
        "pk": 3,
        "fields": {
            "password": "pbkdf2_sha256$390000$hCVtgkD1T8rIXSI975kaFq$zdj/FO35IVST6OpqGyoW2osQhBYePrBIKVwW08aluYg=",
            "username": "afisbey3",
            "email": "afisbey3@ow.ly",
            "first_name": "Alla",
            "last_name": "Fisbey",
            "gender": "F",
            "is_active": true,
            "is_staff": false,
            "is_superuser": false,
            "birth_date": "1977-04-24",
            "adress": "22649 Manufacturers Hill",
            "city": "Ubajami",
            "country": "Indonesia"
        }
    },
    {
        "model": "apirestappserver.User",
        "pk": 4,
        "fields": {
            "password": "pbkdf2_sha256$390000$hCVtgkD1T8rIXSI975kaFq$zdj/FO35IVST6OpqGyoW2osQhBYePrBIKVwW08aluYg=",
            "username": "rknevit4",
            "email": "rknevit4@ask.com",
            "first_name": "Reggie",
            "last_name": "Knevit",
            "gender": "M",
            "is_active": true,
            "is_staff": false,
            "is_superuser": false,
            "birth_date": "1968-10-22",
            "adress": "70813 Waubesa Road",
            "city": "North Little Rock",
            "country": "United States"
        }
    },
    {
        "model": "apirestappserver.User",
        "pk": 5,
        "fields": {
            "password": "pbkdf2_sha256$390000$hCVtgkD1T8rIXSI975kaFq$zdj/FO35IVST6OpqGyoW2osQhBYePrBIKVwW08aluYg=",
            "username": "mbertelsen5",
            "email": "mbertelsen5@ucoz.com",
            "first_name": "Marline",
            "last_name": "Bertelsen",
            "gender": "F",
            "is_active": true,
            "is_staff": false,
            "is_superuser": false,
            "birth_date": "1977-12-24",
            "adress": "6593 Marquette Street",
            "city": "Waihi Beach",
            "country": "New Zealand"
        }
    },
    {
        "model": "apirestappserver.User",
        "pk": 6,
        "fields": {
            "password": "pbkdf2_sha256$390000$hCVtgkD1T8rIXSI975kaFq$zdj/FO35IVST6OpqGyoW2osQhBYePrBIKVwW08aluYg=",
            "username": "jgration6",
            "email": "jgration6@intel.com",
            "first_name": "Jon",
            "last_name": "Gration",
            "gender": "M",
            "is_active": true,
            "is_staff": false,
            "is_superuser": false,
            "birth_date": "2033-06-17",
            "adress": "3 Petterle Lane",
            "city": "Duoxiang",
            "country": "China"
        }
    },
    {
        "model": "apirestappserver.User",
        "pk": 7,
        "fields": {
            "password": "pbkdf2_sha256$390000$hCVtgkD1T8rIXSI975kaFq$zdj/FO35IVST6OpqGyoW2osQhBYePrBIKVwW08aluYg=",
            "username": "dboutwell7",
            "email": "dboutwell7@google.ru",
            "first_name": "Daniel",
            "last_name": "Boutwell",
            "gender": "M",
            "is_active": true,
            "is_staff": false,
            "is_superuser": false,
            "birth_date": "1988-07-16",
            "adress": "65 Helena Point",
            "city": "Kostyantynivka",
            "country": "Ukraine"
        }
    },
    {
        "model": "apirestappserver.User",
        "pk": 8,
        "fields": {
            "password": "pbkdf2_sha256$390000$hCVtgkD1T8rIXSI975kaFq$zdj/FO35IVST6OpqGyoW2osQhBYePrBIKVwW08aluYg=",
            "username": "rrumgay8",
            "email": "rrumgay8@spotify.com",
            "first_name": "Reynold",
            "last_name": "Rumgay",
            "gender": "M",
            "is_active": true,
            "is_staff": false,
            "is_superuser": false,
            "birth_date": "2002-08-07",
            "adress": "70452 Tennessee Drive",
            "city": "Banatski Dvor",
            "country": "Serbia"
        }
    },
    {
        "model": "apirestappserver.User",
        "pk": 9,
        "fields": {
            "password": "pbkdf2_sha256$390000$hCVtgkD1T8rIXSI975kaFq$zdj/FO35IVST6OpqGyoW2osQhBYePrBIKVwW08aluYg=",
            "username": "bpetegrew9",
            "email": "bpetegrew9@yahoo.com",
            "first_name": "Bidget",
            "last_name": "Petegrew",
            "gender": "F",
            "is_active": true,
            "is_staff": false,
            "is_superuser": false,
            "birth_date": "2003-04-13",
            "adress": "39920 Algoma Lane",
            "city": "Mashan",
            "country": "China"
        }
    },
    {
        "model": "apirestappserver.User",
        "pk": 10,
        "fields": {
            "password": "pbkdf2_sha256$390000$hCVtgkD1T8rIXSI975kaFq$zdj/FO35IVST6OpqGyoW2osQhBYePrBIKVwW08aluYg=",
            "username": "fhundeya",
            "email": "fhundeya@ameblo.jp",
            "first_name": "Fionna",
            "last_name": "Hundey",
            "gender": "F",
            "is_active": true,
            "is_staff": false,
            "is_superuser": false,
            "birth_date": "1977-11-11",
            "adress": "388 Wayridge Pass",
            "city": "Ayacucho",
            "country": "Peru"
        }
    },
    {
        "model": "apirestappserver.User",
        "pk": 11,
        "fields": {
            "password": "pbkdf2_sha256$390000$hCVtgkD1T8rIXSI975kaFq$zdj/FO35IVST6OpqGyoW2osQhBYePrBIKVwW08aluYg=",
            "username": "bfreanb",
            "email": "bfreanb@tinyurl.com",
            "first_name": "Bartlet",
            "last_name": "Frean",
            "gender": "M",
            "is_active": true,
            "is_staff": false,
            "is_superuser": false,
            "birth_date": "1997-10-20",
            "adress": "8 Pond Avenue",
            "city": "Lázně Kynžvart",
            "country": "Czech Republic"
        }
    },
    {
        "model": "apirestappserver.User",
        "pk": 12,
        "fields": {
            "password": "pbkdf2_sha256$390000$hCVtgkD1T8rIXSI975kaFq$zdj/FO35IVST6OpqGyoW2osQhBYePrBIKVwW08aluYg=",
            "username": "frobelowc",
            "email": "frobelowc@imgur.com",
            "first_name": "Feliza",
            "last_name": "Robelow",
            "gender": "F",
            "is_active": true,
            "is_staff": false,
            "is_superuser": false,
            "birth_date": "2000-09-27",
            "adress": "0209 Petterle Place",
            "city": "Shuanghekou",
            "country": "China"
        }
    },
    {
        "model": "apirestappserver.User",
        "pk": 13,
        "fields": {
            "password": "pbkdf2_sha256$390000$hCVtgkD1T8rIXSI975kaFq$zdj/FO35IVST6OpqGyoW2osQhBYePrBIKVwW08aluYg=",
            "username": "morrowd",
            "email": "morrowd@acquirethisname.com",
            "first_name": "Michal",
            "last_name": "Orrow",
            "gender": "M",
            "is_active": true,
            "is_staff": false,
            "is_superuser": false,
            "birth_date": "1999-12-08",
            "adress": "2 Blaine Way",
            "city": "Omboué",
            "country": "Gabon"
        }
    },
    {
        "model": "apirestappserver.User",
        "pk": 14,
        "fields": {
            "password": "pbkdf2_sha256$390000$hCVtgkD1T8rIXSI975kaFq$zdj/FO35IVST6OpqGyoW2osQhBYePrBIKVwW08aluYg=",
            "username": "aathye",
            "email": "aathye@engadget.com",
            "first_name": "Andy",
            "last_name": "Athy",
            "gender": "M",
            "is_active": true,
            "is_staff": false,
            "is_superuser": false,
            "birth_date": "1997-09-27",
            "adress": "8 Sullivan Hill",
            "city": "Mar’’ina Horka",
            "country": "Belarus"
        }
    },
    {
        "model": "apirestappserver.User",
        "pk": 15,
        "fields": {
            "password": "pbkdf2_sha256$390000$hCVtgkD1T8rIXSI975kaFq$zdj/FO35IVST6OpqGyoW2osQhBYePrBIKVwW08aluYg=",
            "username": "klethebridgef",
            "email": "klethebridgef@tinyurl.com",
            "first_name": "Kellen",
            "last_name": "Lethebridge",
            "gender": "M",
            "is_active": true,
            "is_staff": false,
            "is_superuser": false,
            "birth_date": "1983-03-18",
            "adress": "8457 Havey Court",
            "city": "Wucheng",
            "country": "China"
        }
    },
    {
        "model": "apirestappserver.User",
        "pk": 16,
        "fields": {
            "password": "pbkdf2_sha256$390000$hCVtgkD1T8rIXSI975kaFq$zdj/FO35IVST6OpqGyoW2osQhBYePrBIKVwW08aluYg=",
            "username": "ehealingsg",
            "email": "ehealingsg@issuu.com",
            "first_name": "Elbertina",
            "last_name": "Healings",
            "gender": "F",
            "is_active": true,
            "is_staff": false,
            "is_superuser": false,
            "birth_date": "1975-04-28",
            "adress": "3556 Vidon Street",
            "city": "Phimai",
            "country": "Thailand"
        }
    },
    {
        "model": "apirestappserver.User",
        "pk": 17,
        "fields": {
            "password": "pbkdf2_sha256$390000$hCVtgkD1T8rIXSI975kaFq$zdj/FO35IVST6OpqGyoW2osQhBYePrBIKVwW08aluYg=",
            "username": "mkydh",
            "email": "mkydh@etsy.com",
            "first_name": "Mort",
            "last_name": "Kyd",
            "gender": "M",
            "is_active": true,
            "is_staff": false,
            "is_superuser": false,
            "birth_date": "1989-02-07",
            "adress": "8814 Nancy Terrace",
            "city": "Mesa",
            "country": "United States"
        }
    },
    {
        "model": "apirestappserver.User",
        "pk": 18,
        "fields": {
            "password": "pbkdf2_sha256$390000$hCVtgkD1T8rIXSI975kaFq$zdj/FO35IVST6OpqGyoW2osQhBYePrBIKVwW08aluYg=",
            "username": "msmalli",
            "email": "msmalli@posterous.com",
            "first_name": "Micki",
            "last_name": "Small",
            "gender": "F",
            "is_active": true,
            "is_staff": false,
            "is_superuser": false,
            "birth_date": "1980-04-28",
            "adress": "11 Gina Circle",
            "city": "Itapetinga",
            "country": "Brazil"
        }
    },
    {
        "model": "apirestappserver.User",
        "pk": 19,
        "fields": {
            "password": "pbkdf2_sha256$390000$hCVtgkD1T8rIXSI975kaFq$zdj/FO35IVST6OpqGyoW2osQhBYePrBIKVwW08aluYg=",
            "username": "jleggsj",
            "email": "jleggsj@wikia.com",
            "first_name": "Jenine",
            "last_name": "Leggs",
            "gender": "F",
            "is_active": true,
            "is_staff": false,
            "is_superuser": false,
            "birth_date": "1992-07-15",
            "adress": "7023 Gateway Way",
            "city": "Zakhim",
            "country": "Yemen"
        }
    },
    {
        "model": "apirestappserver.User",
        "pk": 20,
        "fields": {
            "password": "pbkdf2_sha256$390000$hCVtgkD1T8rIXSI975kaFq$zdj/FO35IVST6OpqGyoW2osQhBYePrBIKVwW08aluYg=",
            "username": "lwoodroofe0",
            "email": "lwoodroofe0@discuz.net",
            "first_name": "Loella",
            "last_name": "Woodroofe",
            "gender": "F",
            "is_active": true,
            "is_staff": false,
            "is_superuser": false,
            "birth_date": "1997-07-11",
            "adress": "60 Amoth Place",
            "city": "Wielka Wieś",
            "country": "Poland"
        }
    },
    {
        "model": "apirestappserver.UsersGroups",
        "pk": 1,
        "fields": {
            "name": "architect viral synergies",
            "description": "revolutionize bricks-and-clicks relationships",
            "owner": 5
        }
    },
    {
        "model": "apirestappserver.UsersGroups",
        "pk": 2,
        "fields": {
            "name": "enhance granular paradigms",
            "description": "optimize collaborative niches",
            "owner": 18
        }
    },
    {
        "model": "apirestappserver.UsersGroups",
        "pk": 3,
        "fields": {
            "name": "exploit integrated architectures",
            "description": "monetize distributed partnerships",
            "owner": 20
        }
    },
    {
        "model": "apirestappserver.UsersGroups",
        "pk": 4,
        "fields": {
            "name": "engineer strategic paradigms",
            "description": "exploit bricks-and-clicks initiatives",
            "owner": 12
        }
    },
    {
        "model": "apirestappserver.UsersGroups",
        "pk": 5,
        "fields": {
            "name": "optimize enterprise models",
            "description": "leverage magnetic infrastructures",
            "owner": 13
        }
    },
    {
        "model": "apirestappserver.UsersGroups",
        "pk": 6,
        "fields": {
            "name": "deploy robust content",
            "description": "harness bleeding-edge bandwidth",
            "owner": 8
        }
    },
    {
        "model": "apirestappserver.Categories",
        "pk": 1,
        "fields": {
            "name": "Technology",
            "description": "matrix cross-media infrastructures"
        }
    },
    {
        "model": "apirestappserver.Categories",
        "pk": 2,
        "fields": {
            "name": "Baby",
            "description": "embrace back-end solutions"
        }
    },
    {
        "model": "apirestappserver.Categories",
        "pk": 3,
        "fields": {
            "name": "Toys",
            "description": "drive bleeding-edge content"
        }
    },
    {
        "model": "apirestappserver.Categories",
        "pk": 4,
        "fields": {
            "name": "Shoes",
            "description": "leverage cross-media ROI"
        }
    },
    {
        "model": "apirestappserver.Categories",
        "pk": 5,
        "fields": {
            "name": "Automotive",
            "description": "reintermediate seamless platforms"
        }
    },
    {
        "model": "apirestappserver.Categories",
        "pk": 6,
        "fields": {
            "name": "Games",
            "description": "empower compelling markets"
        }
    },
    {
        "model": "apirestappserver.Categories",
        "pk": 7,
        "fields": {
            "name": "Electronics",
            "description": "embrace proactive paradigms"
        }
    },
    {
        "model": "apirestappserver.Categories",
        "pk": 8,
        "fields": {
            "name": "Books",
            "description": "seize revolutionary portals"
        }
    },
    {
        "model": "apirestappserver.Categories",
        "pk": 9,
        "fields": {
            "name": "Transportation",
            "description": "monetize sticky supply-chains"
        }
    },
    {
        "model": "apirestappserver.Classification",
        "pk": 1,
        "fields": {
            "category": 1,
            "group": 1
        }
    },
    {
        "model": "apirestappserver.Classification",
        "pk": 2,
        "fields": {
            "category": 2,
            "group": 2
        }
    },
    {
        "model": "apirestappserver.Classification",
        "pk": 3,
        "fields": {
            "category": 3,
            "group": 3
        }
    },
    {
        "model": "apirestappserver.Classification",
        "pk": 4,
        "fields": {
            "category": 4,
            "group": 4
        }
    },
    {
        "model": "apirestappserver.Classification",
        "pk": 5,
        "fields": {
            "category": 1,
            "group": 5
        }
    },
    {
        "model": "apirestappserver.Classification",
        "pk": 6,
        "fields": {
            "category": 2,
            "group": 6
        }
    },
    {
        "model": "apirestappserver.Membership",
        "pk": 1,
        "fields": {
            "user": 1,
            "group": 2,
            "invite_reason": "Donec dapibus."
        }
    },
    {
        "model": "apirestappserver.Membership",
        "pk": 2,
        "fields": {
            "user": 2,
            "group": 6,
            "invite_reason": "Etiam vel augue."
        }
    },
    {
        "model": "apirestappserver.Membership",
        "pk": 3,
        "fields": {
            "user": 3,
            "group": 2,
            "invite_reason": "Vivamus vestibulum sagittis sapien."
        }
    },
    {
        "model": "apirestappserver.Membership",
        "pk": 4,
        "fields": {
            "user": 4,
            "group": 1,
            "invite_reason": "Morbi sem mauris, laoreet ut, rhoncus aliquet, pulvinar sed, nisl. Nunc rhoncus dui vel sem."
        }
    },
    {
        "model": "apirestappserver.Membership",
        "pk": 5,
        "fields": {
            "user": 5,
            "group": 4,
            "invite_reason": "Lorem ipsum dolor sit amet, consectetuer adipiscing elit."
        }
    },
    {
        "model": "apirestappserver.Membership",
        "pk": 6,
        "fields": {
            "user": 6,
            "group": 2,
            "invite_reason": "Cum sociis natoque penatibus et magnis dis parturient montes, nascetur ridiculus mus. Vivamus vestibulum sagittis sapien."
        }
    },
    {
        "model": "apirestappserver.Membership",
        "pk": 7,
        "fields": {
            "user": 7,
            "group": 3,
            "invite_reason": "Integer ac leo. Pellentesque ultrices mattis odio."
        }
    },
    {
        "model": "apirestappserver.Membership",
        "pk": 8,
        "fields": {
            "user": 8,
            "group": 6,
            "invite_reason": "Ut at dolor quis odio consequat varius. Integer ac leo."
        }
    },
    {
        "model": "apirestappserver.Membership",
        "pk": 9,
        "fields": {
            "user": 9,
            "group": 6,
            "invite_reason": "Curabitur convallis."
        }
    },
    {
        "model": "apirestappserver.Membership",
        "pk": 10,
        "fields": {
            "user": 10,
            "group": 3,
            "invite_reason": "In sagittis dui vel nisl. Duis ac nibh."
        }
    },
    {
        "model": "apirestappserver.Membership",
        "pk": 11,
        "fields": {
            "user": 11,
            "group": 6,
            "invite_reason": "Morbi odio odio, elementum eu, interdum eu, tincidunt in, leo. Maecenas pulvinar lobortis est."
        }
    },
    {
        "model": "apirestappserver.Membership",
        "pk": 12,
        "fields": {
            "user": 12,
            "group": 6,
            "invite_reason": "Aliquam non mauris. Morbi non lectus."
        }
    },
    {
        "model": "apirestappserver.Membership",
        "pk": 13,
        "fields": {
            "user": 13,
            "group": 5,
            "invite_reason": "In quis justo. Maecenas rhoncus aliquam lacus."
        }
    },
    {
        "model": "apirestappserver.Membership",
        "pk": 14,
        "fields": {
            "user": 14,
            "group": 5,
            "invite_reason": "Mauris sit amet eros. Suspendisse accumsan tortor quis turpis."
        }
    },
    {
        "model": "apirestappserver.Membership",
        "pk": 15,
        "fields": {
            "user": 15,
            "group": 1,
            "invite_reason": "Praesent lectus."
        }
    },
    {
        "model": "apirestappserver.Membership",
        "pk": 16,
        "fields": {
            "user": 16,
            "group": 4,
            "invite_reason": "Morbi ut odio."
        }
    },
    {
        "model": "apirestappserver.Membership",
        "pk": 17,
        "fields": {
            "user": 17,
            "group": 5,
            "invite_reason": "Nunc purus."
        }
    },
    {
        "model": "apirestappserver.Membership",
        "pk": 18,
        "fields": {
            "user": 18,
            "group": 4,
            "invite_reason": "Nunc rhoncus dui vel sem. Sed sagittis."
        }
    },
    {
        "model": "apirestappserver.Membership",
        "pk": 19,
        "fields": {
            "user": 19,
            "group": 3,
            "invite_reason": "Cras pellentesque volutpat dui."
        }
    },
    {
        "model": "apirestappserver.Membership",
        "pk": 20,
        "fields": {
            "user": 20,
            "group": 6,
            "invite_reason": "Lorem ipsum dolor sit amet, consectetuer adipiscing elit. Proin interdum mauris non ligula pellentesque ultrices."
        }
    },
    {
        "model": "apirestappserver.Rooms",
        "pk": 1,
        "fields": {
            "name": "Rules",
            "description": "reintermediate seamless platforms",
            "group": 1,
            "owner": 5
        }
    },
    {
        "model": "apirestappserver.Rooms",
        "pk": 2,
        "fields": {
            "name": "General",
            "description": "reintermediate seamless platforms",
            "group": 1,
            "owner": 5
        }
    },
    {
        "model": "apirestappserver.Rooms",
        "pk": 3,
        "fields": {
            "name": "Introductions",
            "description": "reintermediate seamless platforms",
            "group": 1,
            "owner": 5
        }
    },
    {
        "model": "apirestappserver.Rooms",
        "pk": 4,
        "fields": {
            "name": "Chat",
            "description": "reintermediate seamless platforms",
            "group": 1,
            "owner": 5
        }
    },
    {
        "model": "apirestappserver.Rooms",
        "pk": 5,
        "fields": {
            "name": "Rules",
            "description": "reintermediate seamless platforms",
            "group": 2,
            "owner": 18
        }
    },
    {
        "model": "apirestappserver.Rooms",
        "pk": 6,
        "fields": {
            "name": "General",
            "description": "reintermediate seamless platforms",
            "group": 2,
            "owner": 18
        }
    },
    {
        "model": "apirestappserver.Rooms",
        "pk": 7,
        "fields": {
            "name": "Introductions",
            "description": "reintermediate seamless platforms",
            "group": 2,
            "owner": 18
        }
    },
    {
        "model": "apirestappserver.Rooms",
        "pk": 8,
        "fields": {
            "name": "Chat",
            "description": "reintermediate seamless platforms",
            "group": 2,
            "owner": 18
        }
    },
    {
        "model": "apirestappserver.Rooms",
        "pk": 9,
        "fields": {
            "name": "Rules",
            "description": "reintermediate seamless platforms",
            "group": 3,
            "owner": 20
        }
    },
    {
        "model": "apirestappserver.Rooms",
        "pk": 10,
        "fields": {
            "name": "General",
            "description": "reintermediate seamless platforms",
            "group": 3,
            "owner": 20
        }
    },
    {
        "model": "apirestappserver.Rooms",
        "pk": 11,
        "fields": {
            "name": "Introductions",
            "description": "reintermediate seamless platforms",
            "group": 3,
            "owner": 20
        }
    },
    {
        "model": "apirestappserver.Rooms",
        "pk": 12,
        "fields": {
            "name": "Chat",
            "description": "reintermediate seamless platforms",
            "group": 3,
            "owner": 20
        }
    },
    {
        "model": "apirestappserver.Rooms",
        "pk": 13,
        "fields": {
            "name": "Rules",
            "description": "reintermediate seamless platforms",
            "group": 4,
            "owner": 12
        }
    },
    {
        "model": "apirestappserver.Rooms",
        "pk": 14,
        "fields": {
            "name": "General",
            "description": "reintermediate seamless platforms",
            "group": 4,
            "owner": 12
        }
    },
    {
        "model": "apirestappserver.Rooms",
        "pk": 15,
        "fields": {
            "name": "Introductions",
            "description": "reintermediate seamless platforms",
            "group": 4,
            "owner": 12
        }
    },
    {
        "model": "apirestappserver.Rooms",
        "pk": 16,
        "fields": {
            "name": "Chat",
            "description": "reintermediate seamless platforms",
            "group": 4,
            "owner": 12
        }
    },
    {
        "model": "apirestappserver.Rooms",
        "pk": 17,
        "fields": {
            "name": "Rules",
            "description": "reintermediate seamless platforms",
            "group": 5,
            "owner": 13
        }
    },
    {
        "model": "apirestappserver.Rooms",
        "pk": 18,
        "fields": {
            "name": "General",
            "description": "reintermediate seamless platforms",
            "group": 5,
            "owner": 13
        }
    },
    {
        "model": "apirestappserver.Rooms",
        "pk": 19,
        "fields": {
            "name": "Introductions",
            "description": "reintermediate seamless platforms",
            "group": 5,
            "owner": 13
        }
    },
    {
        "model": "apirestappserver.Rooms",
        "pk": 20,
        "fields": {
            "name": "Chat",
            "description": "reintermediate seamless platforms",
            "group": 5,
            "owner": 13
        }
    },
    {
        "model": "apirestappserver.Rooms",
        "pk": 21,
        "fields": {
            "name": "Rules",
            "description": "reintermediate seamless platforms",
            "group": 6,
            "owner": 8
        }
    },
    {
        "model": "apirestappserver.Rooms",
        "pk": 22,
        "fields": {
            "name": "General",
            "description": "reintermediate seamless platforms",
            "group": 6,
            "owner": 8
        }
    },
    {
        "model": "apirestappserver.Rooms",
        "pk": 23,
        "fields": {
            "name": "Introductions",
            "description": "reintermediate seamless platforms",
            "group": 6,
            "owner": 8
        }
    },
    {
        "model": "apirestappserver.Rooms",
        "pk": 24,
        "fields": {
            "name": "Chat",
            "description": "reintermediate seamless platforms",
            "group": 6,
            "owner": 8
        }
    },
    {
        "model": "apirestappserver.Messages",
        "pk": 1,
        "fields": {
            "content": "Suspendisse potenti. In eleifend quam a odio. In hac habitasse platea dictumst. ",
            "room": 1,
            "owner": 5
        }
    },
    {
        "model": "apirestappserver.Messages",
        "pk": 2,
        "fields": {
            "content": "Proin leo odio, porttitor id, consequat in, consequat ut, nulla. Sed accumsan felis. ",
            "room": 2,
            "owner": 5
        }
    },
    {
        "model": "apirestappserver.Messages",
        "pk": 3,
        "fields": {
            "content": "Aenean lectus. Pellentesque eget nunc. Donec quis orci eget orci vehicula condimentum.",
            "room": 3,
            "owner": 5
        }
    },
    {
        "model": "apirestappserver.Messages",
        "pk": 4,
        "fields": {
            "content": "Etiam vel augue. Vestibulum rutrum rutrum neque. Aenean auctor gravida sem.",
            "room": 4,
            "owner": 5
        }
    },
    {
        "model": "apirestappserver.Messages",
        "pk": 5,
        "fields": {
            "content": "Suspendisse potenti. In eleifend quam a odio. In hac habitasse platea dictumst ",
            "room": 5,
            "owner": 18
        }
    },
    {
        "model": "apirestappserver.Messages",
        "pk": 6,
        "fields": {
            "content": "Proin leo odio, porttitor id, consequat in, consequat ut, nulla. Sed accumsan felis.",
            "room": 6,
            "owner": 18
        }
    },
    {
        "model": "apirestappserver.Messages",
        "pk": 7,
        "fields": {
            "content": "Aenean lectus. Pellentesque eget nunc. Donec quis orci eget orci vehicula condimentum.",
            "room": 7,
            "owner": 18
        }
    },
    {
        "model": "apirestappserver.Messages",
        "pk": 8,
        "fields": {
            "content": "Etiam vel augue. Vestibulum rutrum rutrum neque. ",
            "room": 8,
            "owner": 18
        }
    },
    {
        "model": "apirestappserver.Messages",
        "pk": 9,
        "fields": {
            "content": "Suspendisse potenti. In eleifend quam a odio.  ",
            "room": 9,
            "owner": 20
        }
    },
    {
        "model": "apirestappserver.Messages",
        "pk": 10,
        "fields": {
            "content": "Proin leo odio, porttitor id, consequat in, consequat ut, nulla. ",
            "room": 10,
            "owner": 20
        }
    },
    {
        "model": "apirestappserver.Messages",
        "pk": 11,
        "fields": {
            "content": "Aenean lectus. Pellentesque eget nunc. Donec quis orci eget orci vehicula condimentum.",
            "room": 11,
            "owner": 20
        }
    },
    {
        "model": "apirestappserver.Messages",
        "pk": 12,
        "fields": {
            "content": "Etiam vel augue. Vestibulum rutrum rutrum neque. Aenean auctor gravida sem.",
            "room": 12,
            "owner": 20
        }
    },
    {
        "model": "apirestappserver.Messages",
        "pk": 13,
        "fields": {
            "content": "Suspendisse potenti. In eleifend quam a odio. In hac habitasse platea dictumst.",
            "room": 13,
            "owner": 12
        }
    },
    {
        "model": "apirestappserver.Messages",
        "pk": 14,
        "fields": {
            "content": "Proin leo odio, porttitor id, consequat in, consequat ut, nulla. Sed accumsan felis.",
            "room": 14,
            "owner": 12
        }
    },
    {
        "model": "apirestappserver.Messages",
        "pk": 15,
        "fields": {
            "content": "Aenean lectus. Pellentesque eget nunc. Donec quis orci eget orci vehicula condimentum.",
            "room": 15,
            "owner": 12
        }
    },
    {
        "model": "apirestappserver.Messages",
        "pk": 16,
        "fields": {
            "content": "Etiam vel augue. Vestibulum rutrum rutrum neque. Aenean auctor gravida sem.",
            "room": 16,
            "owner": 12
        }
    },
    {
        "model": "apirestappserver.Messages",
        "pk": 17,
        "fields": {
            "content": "Etiam vel augue. Vestibulum rutrum rutrum neque. Aenean auctor gravida sem.",
            "room": 17,
            "owner": 13
        }
    },
    {
        "model": "apirestappserver.Messages",
        "pk": 18,
        "fields": {
            "content": "Suspendisse potenti. In eleifend quam a odio. In hac habitasse platea dictumst.",
            "room": 18,
            "owner": 13
        }
    },
    {
        "model": "apirestappserver.Messages",
        "pk": 19,
        "fields": {
            "content": "Proin leo odio, porttitor id, consequat in, consequat ut, nulla. Sed accumsan felis.",
            "room": 19,
            "owner": 13
        }
    },
    {
        "model": "apirestappserver.Messages",
        "pk": 20,
        "fields": {
            "content": "Aenean lectus. Pellentesque eget nunc. Donec quis orci eget orci vehicula condimentum.",
            "room": 20,
            "owner": 13
        }
    },
    {
        "model": "apirestappserver.Messages",
        "pk": 21,
        "fields": {
            "content": "Etiam vel augue. Vestibulum rutrum rutrum neque. Aenean auctor gravida sem.",
            "room": 21,
            "owner": 8
        }
    },
    {
        "model": "apirestappserver.Messages",
        "pk": 22,
        "fields": {
            "content": "Suspendisse potenti. In eleifend quam a odio. In hac habitasse platea dictumst ",
            "room": 22,
            "owner": 8
        }
    },
    {
        "model": "apirestappserver.Messages",
        "pk": 23,
        "fields": {
            "content": "Proin leo odio, porttitor id, consequat in, consequat ut, nulla. ",
            "room": 23,
            "owner": 8
        }
    },
    {
        "model": "apirestappserver.Messages",
        "pk": 24,
        "fields": {
            "content": "Aenean lectus. Pellentesque eget nunc. Donec quis orci eget orci vehicula condimentum.",
            "room": 24,
            "owner": 8
        }
    },
    {
        "model": "apirestappserver.Messages",
        "pk": 25,
        "fields": {
            "content": "Suspendisse potenti. In eleifend quam a odio. In hac habitasse platea dictumst.",
            "room": 1,
            "owner": 4
        }
    },
    {
        "model": "apirestappserver.Messages",
        "pk": 26,
        "fields": {
            "content": "Proin leo odio, porttitor id, consequat in, consequat ut, nulla. Sed accumsan felis.",
            "room": 2,
            "owner": 4
        }
    },
    {
        "model": "apirestappserver.Messages",
        "pk": 27,
        "fields": {
            "content": "Aenean lectus. Pellentesque eget nunc. Donec quis orci eget orci vehicula condimentum.",
            "room": 3,
            "owner": 4
        }
    },
    {
        "model": "apirestappserver.Messages",
        "pk": 28,
        "fields": {
            "content": "Etiam vel augue. Vestibulum rutrum rutrum neque. Aenean auctor gravida sem.",
            "room": 4,
            "owner": 4
        }
    },
    {
        "model": "apirestappserver.Messages",
        "pk": 29,
        "fields": {
            "content": "Suspendisse potenti. In eleifend quam a odio. In hac habitasse platea dictumst.",
            "room": 5,
            "owner": 1
        }
    },
    {
        "model": "apirestappserver.Messages",
        "pk": 30,
        "fields": {
            "content": "Proin leo odio, porttitor id, consequat in, consequat ut, nulla. ",
            "room": 6,
            "owner": 1
        }
    },
    {
        "model": "apirestappserver.Messages",
        "pk": 31,
        "fields": {
            "content": "Aenean lectus. Pellentesque eget nunc. Donec quis orci eget orci vehicula condimentum.",
            "room": 7,
            "owner": 1
        }
    },
    {
        "model": "apirestappserver.Messages",
        "pk": 32,
        "fields": {
            "content": "Etiam vel augue. Vestibulum rutrum rutrum neque. Aenean auctor gravida sem.",
            "room": 8,
            "owner": 1
        }
    },
    {
        "model": "apirestappserver.Messages",
        "pk": 33,
        "fields": {
            "content": "Suspendisse potenti. In eleifend quam a odio. In hac habitasse platea dictumst ",
            "room": 9,
            "owner": 10
        }
    },
    {
        "model": "apirestappserver.Messages",
        "pk": 34,
        "fields": {
            "content": "Proin leo odio, porttitor id, consequat in, consequat ut, nulla. Sed accumsan felis. ",
            "room": 10,
            "owner": 10
        }
    },
    {
        "model": "apirestappserver.Messages",
        "pk": 35,
        "fields": {
            "content": "Aenean lectus. Pellentesque eget nunc. Donec quis orci eget orci vehicula condimentum.",
            "room": 11,
            "owner": 10
        }
    },
    {
        "model": "apirestappserver.Messages",
        "pk": 36,
        "fields": {
            "content": "Etiam vel augue. Vestibulum rutrum rutrum neque. Aenean auctor gravida sem.",
            "room": 12,
            "owner": 10
        }
    },
    {
        "model": "apirestappserver.Messages",
        "pk": 37,
        "fields": {
            "content": "Suspendisse potenti. In eleifend quam a odio. In hac habitasse platea dictumst. ",
            "room": 13,
            "owner": 5
        }
    },
    {
        "model": "apirestappserver.Messages",
        "pk": 38,
        "fields": {
            "content": "Proin leo odio, porttitor id, consequat in, consequat ut, nulla. Sed accumsan felis. ",
            "room": 14,
            "owner": 5
        }
    },
    {
        "model": "apirestappserver.Messages",
        "pk": 39,
        "fields": {
            "content": "Aenean lectus. Pellentesque eget nunc. Donec quis orci eget orci vehicula condimentum.",
            "room": 15,
            "owner": 5
        }
    },
    {
        "model": "apirestappserver.Messages",
        "pk": 40,
        "fields": {
            "content": "Etiam vel augue. Vestibulum rutrum rutrum neque. Aenean auctor gravida sem.",
            "room": 16,
            "owner": 5
        }
    },
    {
        "model": "apirestappserver.Messages",
        "pk": 41,
        "fields": {
            "content": "Etiam vel augue. Vestibulum rutrum rutrum neque. Aenean auctor gravida sem.",
            "room": 17,
            "owner": 14
        }
    },
    {
        "model": "apirestappserver.Messages",
        "pk": 42,
        "fields": {
            "content": "Suspendisse potenti. In eleifend quam a odio. In hac habitasse platea dictumst ",
            "room": 18,
            "owner": 14
        }
    },
    {
        "model": "apirestappserver.Messages",
        "pk": 43,
        "fields": {
            "content": "Proin leo odio, porttitor id, consequat in, consequat ut, nulla. Sed accumsan felis.",
            "room": 19,
            "owner": 14
        }
    },
    {
        "model": "apirestappserver.Messages",
        "pk": 44,
        "fields": {
            "content": "Aenean lectus. Pellentesque eget nunc. Donec quis orci eget orci vehicula condimentum.",
            "room": 20,
            "owner": 14
        }
    },
    {
        "model": "apirestappserver.Messages",
        "pk": 45,
        "fields": {
            "content": "Etiam vel augue. Vestibulum rutrum rutrum neque. Aenean auctor gravida sem.",
            "room": 21,
            "owner": 2
        }
    },
    {
        "model": "apirestappserver.Messages",
        "pk": 46,
        "fields": {
            "content": "Suspendisse potenti. In eleifend quam a odio. In hac habitasse platea dictumst",
            "room": 22,
            "owner": 2
        }
    },
    {
        "model": "apirestappserver.Messages",
        "pk": 47,
        "fields": {
            "content": "Proin leo odio, porttitor id, consequat in, consequat ut, nulla. Sed accumsan felis.",
            "room": 23,
            "owner": 2
        }
    },
    {
        "model": "apirestappserver.Messages",
        "pk": 48,
        "fields": {
            "content": "Aenean lectus. Pellentesque eget nunc. Donec quis orci eget orci vehicula condimentum.",
            "room": 24,
            "owner": 2
        }
    },
    {
        "model": "apirestappserver.Messages",
        "pk": 49,
        "fields": {
            "content": "Suspendisse potenti. In eleifend quam a odio. In hac habitasse platea dictumst ",
            "room": 1,
            "owner": 4
        }
    },
    {
        "model": "apirestappserver.Messages",
        "pk": 50,
        "fields": {
            "content": "Proin leo odio, porttitor id, consequat in, consequat ut, nulla. Sed accumsan felis. ",
            "room": 2,
            "owner": 4
        }
    },
    {
        "model": "apirestappserver.Messages",
        "pk": 51,
        "fields": {
            "content": "Aenean lectus. Pellentesque eget nunc. Donec quis orci eget orci vehicula condimentum.",
            "room": 3,
            "owner": 4
        }
    },
    {
        "model": "apirestappserver.Messages",
        "pk": 52,
        "fields": {
            "content": "Etiam vel augue. Vestibulum rutrum rutrum neque. Aenean auctor gravida sem.",
            "room": 4,
            "owner": 4
        }
    },
    {
        "model": "apirestappserver.Messages",
        "pk": 53,
        "fields": {
            "content": "Suspendisse potenti. In eleifend quam a odio. In hac habitasse platea dictumst. ",
            "room": 5,
            "owner": 1
        }
    },
    {
        "model": "apirestappserver.Messages",
        "pk": 54,
        "fields": {
            "content": "Proin leo odio, porttitor id, consequat in, consequat ut, nulla. Sed accumsan felis.",
            "room": 6,
            "owner": 1
        }
    },
    {
        "model": "apirestappserver.Messages",
        "pk": 55,
        "fields": {
            "content": "Aenean lectus. Pellentesque eget nunc. Donec quis orci eget orci vehicula condimentum.",
            "room": 7,
            "owner": 1
        }
    },
    {
        "model": "apirestappserver.Messages",
        "pk": 56,
        "fields": {
            "content": "Etiam vel augue. Vestibulum rutrum rutrum neque. Aenean auctor gravida sem.",
            "room": 8,
            "owner": 1
        }
    },
    {
        "model": "apirestappserver.Messages",
        "pk": 57,
        "fields": {
            "content": "Suspendisse potenti. In eleifend quam a odio. In hac habitasse platea dictumst",
            "room": 9,
            "owner": 10
        }
    },
    {
        "model": "apirestappserver.Messages",
        "pk": 58,
        "fields": {
            "content": "Proin leo odio, porttitor id, consequat in, consequat ut, nulla. Sed accumsan felis. ",
            "room": 10,
            "owner": 10
        }
    },
    {
        "model": "apirestappserver.Messages",
        "pk": 59,
        "fields": {
            "content": "Aenean lectus. Pellentesque eget nunc. Donec quis orci eget orci vehicula condimentum.",
            "room": 11,
            "owner": 10
        }
    },
    {
        "model": "apirestappserver.Messages",
        "pk": 60,
        "fields": {
            "content": "Etiam vel augue. Vestibulum rutrum rutrum neque. Aenean auctor gravida sem.",
            "room": 12,
            "owner": 10
        }
    },
    {
        "model": "apirestappserver.Messages",
        "pk": 61,
        "fields": {
            "content": "Suspendisse potenti. In eleifend quam a odio. In hac habitasse platea dictumst. ",
            "room": 13,
            "owner": 5
        }
    },
    {
        "model": "apirestappserver.Messages",
        "pk": 62,
        "fields": {
            "content": "Proin leo odio, porttitor id, consequat in, consequat ut, nulla. Sed accumsan felis. ",
            "room": 14,
            "owner": 5
        }
    },
    {
        "model": "apirestappserver.Messages",
        "pk": 63,
        "fields": {
            "content": "Aenean lectus. Pellentesque eget nunc. Donec quis orci eget orci vehicula condimentum.",
            "room": 15,
            "owner": 5
        }
    },
    {
        "model": "apirestappserver.Messages",
        "pk": 64,
        "fields": {
            "content": "Etiam vel augue. Vestibulum rutrum rutrum neque. Aenean auctor gravida sem.",
            "room": 16,
            "owner": 5
        }
    },
    {
        "model": "apirestappserver.Messages",
        "pk": 65,
        "fields": {
            "content": "Etiam vel augue. Vestibulum rutrum rutrum neque. Aenean auctor gravida sem.",
            "room": 17,
            "owner": 14
        }
    },
    {
        "model": "apirestappserver.Messages",
        "pk": 66,
        "fields": {
            "content": "Suspendisse potenti. In eleifend quam a odio. In hac habitasse platea dictumst. ",
            "room": 18,
            "owner": 14
        }
    },
    {
        "model": "apirestappserver.Messages",
        "pk": 67,
        "fields": {
            "content": "Proin leo odio, porttitor id, consequat in, consequat ut, nulla. Sed accumsan felis. ",
            "room": 19,
            "owner": 14
        }
    },
    {
        "model": "apirestappserver.Messages",
        "pk": 68,
        "fields": {
            "content": "Aenean lectus. Pellentesque eget nunc. Donec quis orci eget orci vehicula condimentum.",
            "room": 20,
            "owner": 14
        }
    },
    {
        "model": "apirestappserver.Messages",
        "pk": 69,
        "fields": {
            "content": "Etiam vel augue. Vestibulum rutrum rutrum neque. Aenean auctor gravida sem.",
            "room": 21,
            "owner": 2
        }
    },
    {
        "model": "apirestappserver.Messages",
        "pk": 70,
        "fields": {
            "content": "Suspendisse potenti. In eleifend quam a odio. In hac habitasse platea dictumst. ",
            "room": 22,
            "owner": 2
        }
    },
    {
        "model": "apirestappserver.Messages",
        "pk": 71,
        "fields": {
            "content": "Proin leo odio, porttitor id, consequat in, consequat ut, nulla. Sed accumsan felis.",
            "room": 23,
            "owner": 2
        }
    },
    {
        "model": "apirestappserver.Messages",
        "pk": 72,
        "fields": {
            "content": "Aenean lectus. Pellentesque eget nunc. Donec quis orci eget orci vehicula condimentum.",
            "room": 24,
            "owner": 2
        }
    }
]